{
  "type": "LogisticRegression",
  "features": [
    "entropy",
    "laplacian_variance",
    "hf_energy_ratio",
    "spectral_slope",
    "noise_entropy",
    "gradient_variance",
    "edge_density",
    "color_uniformity",
    "saturation_mean",
    "dct_energy_ratio"
  ],
  "w": [
    1.252048707512745,
    -3.034380722707381,
    -0.09392355525409926,
    -2.911500182869722,
    0.21199370835911277,
    1.8123903926525464,
    0.4197810239065423,
    0.8125162853617355,
    0.16394122402941053,
    -0.30574600562363524
  ],
  "b": -0.5825005940180441,
  "mu": [
    7.480277631000007,
    1601.0799365955008,
    0.018068675000000003,
    3.2145840249999975,
    5.008289994499984,
    12367.893298167482,
    0.1157651329999999,
    57.09776132950004,
    0.32439611900000026,
    0.0007180940000000001
  ],
  "sg": [
    0.4217102562139135,
    1418.9683230442472,
    0.013068303163432302,
    0.5049709216469265,
    0.6984150567739631,
    7144.824678852953,
    0.060882263105442355,
    12.774715492641802,
    0.1569250722242873,
    0.0014409668331242034
  ]
}